payment_id,customer_id,amount,payment_method,payment_status,failure_reason,failed_attempts,previous_successful_payments,days_since_last_payment,checkout_abandoned,recovered,recovery_action,recovered_amount
P00001,C1103,409.59,UPI,success,none,0,4,162,no,no,none,0.0
P00002,C1180,4086.34,UPI,failed,bank_decline,3,1,75,no,no,stop,0.0
P00003,C1093,1358.44,Wallet,success,none,0,3,95,no,no,none,0.0
P00004,C1015,3745.69,Card,success,none,0,4,23,no,no,none,0.0
P00005,C1107,447.73,UPI,success,none,0,6,124,no,no,none,0.0
P00006,C1072,944.32,UPI,success,none,0,9,86,no,no,none,0.0
P00007,C1189,1486.13,UPI,success,none,0,3,43,no,no,none,0.0
P00008,C1021,1533.39,Card,success,none,0,5,40,no,no,none,0.0
P00009,C1103,1056.22,Card,success,none,0,3,47,no,no,none,0.0
P00010,C1122,2361.7,UPI,failed,technical_timeout,4,2,169,no,yes,retry,2361.7
P00011,C1211,664.67,UPI,success,none,0,4,175,no,no,none,0.0
P00012,C1215,1330.37,UPI,success,none,0,9,20,no,no,none,0.0
P00013,C1075,1620.07,Card,failed,insufficient_funds,4,4,109,no,no,escalate,0.0
P00014,C1203,2177.27,Card,success,none,0,5,68,no,no,none,0.0
P00015,C1088,2524.28,UPI,success,none,0,8,24,no,no,none,0.0
P00016,C1117,636.84,UPI,failed,network_error,4,8,36,no,yes,reminder,636.84
P00017,C1100,468.44,UPI,success,none,0,5,45,no,no,none,0.0
P00018,C1104,3859.36,Wallet,success,none,0,3,130,no,no,none,0.0
P00019,C1152,1899.29,UPI,success,none,0,9,28,no,no,none,0.0
P00020,C1131,844.41,Card,failed,authentication_failed,5,2,154,yes,no,escalate,0.0
P00021,C1150,4737.97,Card,failed,network_error,4,8,23,no,yes,reminder,4737.97
P00022,C1053,1614.46,UPI,failed,bank_decline,1,7,164,no,yes,retry,1614.46
P00023,C1002,3584.85,UPI,success,none,0,6,91,no,no,none,0.0
P00024,C1088,1557.19,UPI,failed,network_error,4,9,134,yes,yes,reminder,1557.19
P00025,C1236,6943.5,Card,success,none,0,3,163,no,no,none,0.0
P00026,C1158,5522.06,Card,failed,insufficient_funds,3,6,103,no,no,stop,0.0
P00027,C1038,1228.17,Card,failed,insufficient_funds,3,7,38,no,no,stop,0.0
P00028,C1130,3067.68,Card,success,none,0,7,163,no,no,none,0.0
P00029,C1192,2401.94,UPI,success,none,0,5,94,no,no,none,0.0
P00030,C1188,4131.82,Wallet,failed,bank_decline,3,5,53,no,yes,retry,4131.82
P00031,C1021,717.88,Card,success,none,0,1,38,no,no,none,0.0
P00032,C1161,2476.34,UPI,failed,bank_decline,5,7,43,no,yes,reminder,2476.34
P00033,C1204,3274.17,Wallet,success,none,0,4,103,no,no,none,0.0
P00034,C1058,395.81,Card,success,none,0,7,114,no,no,none,0.0
P00035,C1022,609.45,Card,failed,technical_timeout,3,5,4,no,no,stop,0.0
P00036,C1236,320.72,Card,failed,insufficient_funds,5,5,5,no,yes,payment_link,320.72
P00037,C1089,1209.48,Card,success,none,0,3,68,no,no,none,0.0
P00038,C1049,2535.53,Card,success,none,0,5,123,no,no,none,0.0
P00039,C1219,4567.71,UPI,success,none,0,5,173,no,no,none,0.0
P00040,C1059,1564.89,UPI,failed,bank_decline,5,4,80,yes,no,escalate,0.0
P00041,C1170,5021.39,Netbanking,success,none,0,3,153,no,no,none,0.0
P00042,C1220,525.8,UPI,failed,technical_timeout,4,3,11,yes,no,escalate,0.0
P00043,C1188,412.59,UPI,success,none,0,5,157,no,no,none,0.0
P00044,C1208,1419.9,UPI,success,none,0,10,162,no,no,none,0.0
P00045,C1015,1974.46,UPI,success,none,0,2,142,no,no,none,0.0
P00046,C1190,1444.44,Card,success,none,0,5,120,no,no,none,0.0
P00047,C1190,314.01,Netbanking,success,none,0,3,152,no,no,none,0.0
P00048,C1175,1384.59,UPI,failed,bank_decline,1,4,167,no,no,stop,0.0
P00049,C1190,556.49,UPI,success,none,0,6,26,no,no,none,0.0
P00050,C1051,2446.11,UPI,failed,technical_timeout,4,3,171,no,yes,payment_link,2446.11
P00051,C1108,1948.76,Netbanking,success,none,0,4,36,no,no,none,0.0
P00052,C1055,731.49,Card,failed,insufficient_funds,4,4,167,yes,yes,retry,731.49
P00053,C1244,1006.87,UPI,success,none,0,5,144,no,no,none,0.0
P00054,C1064,668.87,Card,failed,authentication_failed,5,8,122,yes,no,escalate,0.0
P00055,C1249,1412.32,Netbanking,failed,authentication_failed,5,5,59,no,no,escalate,0.0
P00056,C1131,3030.12,Netbanking,success,none,0,6,96,no,no,none,0.0
P00057,C1229,706.77,Netbanking,failed,insufficient_funds,3,3,6,no,no,stop,0.0
P00058,C1051,2160.37,UPI,success,none,0,4,98,no,no,none,0.0
P00059,C1135,994.57,Card,failed,insufficient_funds,3,5,56,no,no,stop,0.0
P00060,C1021,816.76,UPI,failed,insufficient_funds,4,6,136,no,no,escalate,0.0
P00061,C1073,1366.12,Netbanking,failed,authentication_failed,2,7,94,no,no,stop,0.0
P00062,C1167,681.0,Card,failed,insufficient_funds,2,5,27,yes,yes,payment_link,681.0
P00063,C1018,977.27,Card,success,none,0,2,155,no,no,none,0.0
P00064,C1132,602.8,Card,failed,bank_decline,3,6,120,no,no,stop,0.0
P00065,C1089,6461.03,UPI,success,none,0,4,174,no,no,none,0.0
P00066,C1060,1519.97,Card,success,none,0,2,169,no,no,none,0.0
P00067,C1014,875.86,Wallet,success,none,0,4,25,no,no,none,0.0
P00068,C1242,1737.99,Netbanking,success,none,0,2,86,no,no,none,0.0
P00069,C1250,1360.7,UPI,success,none,0,3,146,no,no,none,0.0
P00070,C1009,1254.22,UPI,success,none,0,4,12,no,no,none,0.0
P00071,C1090,2346.37,UPI,failed,bank_decline,2,7,87,yes,yes,retry,2346.37
P00072,C1053,2612.68,Card,failed,insufficient_funds,3,5,179,no,no,stop,0.0
P00073,C1130,994.38,Card,success,none,0,5,109,no,no,none,0.0
P00074,C1084,961.16,UPI,success,none,0,7,167,no,no,none,0.0
P00075,C1092,1204.37,UPI,success,none,0,9,89,no,no,none,0.0
P00076,C1111,263.37,Netbanking,success,none,0,7,10,no,no,none,0.0
P00077,C1188,475.14,Card,success,none,0,6,74,no,no,none,0.0
P00078,C1199,4126.38,Card,success,none,0,6,77,no,no,none,0.0
P00079,C1172,5083.35,Card,success,none,0,9,54,no,no,none,0.0
P00080,C1008,1228.1,UPI,failed,insufficient_funds,5,2,157,no,no,escalate,0.0
P00081,C1175,2281.11,UPI,success,none,0,3,102,no,no,none,0.0
P00082,C1035,1869.52,Card,failed,authentication_failed,4,9,169,yes,no,escalate,0.0
P00083,C1206,14900.66,Card,failed,bank_decline,1,3,137,no,no,stop,0.0
P00084,C1081,3427.82,Netbanking,success,none,0,8,165,no,no,none,0.0
P00085,C1164,1344.88,Card,failed,insufficient_funds,4,5,142,no,yes,reminder,1344.88
P00086,C1050,722.95,Card,failed,authentication_failed,3,4,101,yes,no,stop,0.0
P00087,C1104,443.71,UPI,failed,authentication_failed,3,9,73,no,no,stop,0.0
P00088,C1132,1724.34,UPI,success,none,0,2,72,no,no,none,0.0
P00089,C1002,839.44,UPI,success,none,0,5,167,no,no,none,0.0
P00090,C1134,509.44,UPI,success,none,0,10,168,no,no,none,0.0
P00091,C1054,911.48,Card,success,none,0,5,54,no,no,none,0.0
P00092,C1106,657.76,Wallet,success,none,0,4,3,no,no,none,0.0
P00093,C1004,5246.71,UPI,failed,insufficient_funds,4,7,111,no,no,escalate,0.0
P00094,C1054,2867.6,UPI,success,none,0,3,161,no,no,none,0.0
P00095,C1221,1471.47,Card,success,none,0,6,96,no,no,none,0.0
P00096,C1191,4491.57,UPI,success,none,0,3,71,no,no,none,0.0
P00097,C1146,1568.74,Card,failed,insufficient_funds,3,3,19,no,no,stop,0.0
P00098,C1218,775.91,Card,success,none,0,4,34,no,no,none,0.0
P00099,C1044,4639.41,Card,success,none,0,1,50,no,no,none,0.0
P00100,C1162,2217.6,UPI,failed,insufficient_funds,2,2,175,no,no,stop,0.0
P00101,C1202,679.98,UPI,success,none,0,4,46,no,no,none,0.0
P00102,C1190,1283.37,Card,failed,network_error,2,5,83,yes,yes,retry,1283.37
P00103,C1228,767.61,Card,failed,bank_decline,3,8,51,no,no,stop,0.0
P00104,C1014,524.74,UPI,success,none,0,7,54,no,no,none,0.0
P00105,C1095,2965.0,Card,failed,network_error,3,7,90,yes,yes,retry,2965.0
P00106,C1048,6198.5,UPI,success,none,0,2,81,no,no,none,0.0
P00107,C1015,518.57,Card,success,none,0,6,118,no,no,none,0.0
P00108,C1200,2257.98,UPI,failed,technical_timeout,2,8,156,no,no,stop,0.0
P00109,C1206,908.7,Wallet,success,none,0,6,19,no,no,none,0.0
P00110,C1215,1027.27,UPI,failed,technical_timeout,3,4,27,no,yes,payment_link,1027.27
P00111,C1249,949.28,UPI,failed,bank_decline,3,4,176,yes,yes,retry,949.28
P00112,C1190,774.34,UPI,failed,insufficient_funds,4,4,147,yes,no,escalate,0.0
P00113,C1040,1535.16,UPI,failed,insufficient_funds,1,1,179,no,yes,payment_link,1535.16
P00114,C1213,793.76,Netbanking,failed,bank_decline,2,6,7,no,yes,retry,793.76
P00115,C1208,1813.19,Wallet,success,none,0,8,157,no,no,none,0.0
P00116,C1237,1425.56,UPI,success,none,0,7,171,no,no,none,0.0
P00117,C1082,1237.43,UPI,failed,technical_timeout,4,7,69,yes,yes,retry,1237.43
P00118,C1111,749.44,Card,success,none,0,6,94,no,no,none,0.0
P00119,C1053,960.47,Netbanking,success,none,0,6,113,no,no,none,0.0
P00120,C1024,2608.53,Card,success,none,0,4,107,no,no,none,0.0
P00121,C1154,2155.31,UPI,success,none,0,3,120,no,no,none,0.0
P00122,C1217,711.11,UPI,failed,network_error,1,6,136,no,yes,retry,711.11
P00123,C1188,1594.79,Card,failed,technical_timeout,3,3,170,yes,no,stop,0.0
P00124,C1124,2600.71,UPI,success,none,0,10,42,no,no,none,0.0
P00125,C1237,423.24,Card,success,none,0,5,13,no,no,none,0.0
P00126,C1041,2225.02,UPI,failed,authentication_failed,3,6,154,yes,no,stop,0.0
P00127,C1157,900.57,Card,failed,bank_decline,4,6,18,no,no,escalate,0.0
P00128,C1015,2270.94,UPI,success,none,0,4,42,no,no,none,0.0
P00129,C1045,835.1,Card,success,none,0,6,51,no,no,none,0.0
P00130,C1065,382.35,UPI,success,none,0,5,113,no,no,none,0.0
P00131,C1089,436.74,Card,success,none,0,3,144,no,no,none,0.0
P00132,C1071,1534.66,UPI,success,none,0,2,101,no,no,none,0.0
P00133,C1009,1798.65,Card,success,none,0,3,3,no,no,none,0.0
P00134,C1088,751.27,Card,success,none,0,2,79,no,no,none,0.0
P00135,C1129,2389.75,Card,failed,insufficient_funds,3,8,98,yes,no,stop,0.0
P00136,C1236,425.75,Card,success,none,0,7,173,no,no,none,0.0
P00137,C1136,1408.72,Card,success,none,0,4,150,no,no,none,0.0
P00138,C1216,596.89,Card,failed,bank_decline,5,3,23,no,yes,retry,596.89
P00139,C1063,907.89,UPI,success,none,0,3,59,no,no,none,0.0
P00140,C1139,1533.87,Netbanking,success,none,0,6,113,no,no,none,0.0
P00141,C1243,776.42,UPI,success,none,0,5,68,no,no,none,0.0
P00142,C1081,1109.41,UPI,failed,technical_timeout,4,1,54,no,no,escalate,0.0
P00143,C1136,3148.62,UPI,failed,network_error,1,8,57,no,yes,reminder,3148.62
P00144,C1163,960.38,UPI,success,none,0,9,151,no,no,none,0.0
P00145,C1163,2770.46,Card,failed,technical_timeout,4,4,111,no,no,escalate,0.0
P00146,C1033,634.43,Card,success,none,0,7,60,no,no,none,0.0
P00147,C1123,2202.51,Card,success,none,0,3,73,no,no,none,0.0
P00148,C1005,4364.14,UPI,failed,bank_decline,2,7,55,no,yes,retry,4364.14
P00149,C1234,231.89,UPI,success,none,0,5,117,no,no,none,0.0
P00150,C1231,814.3,UPI,success,none,0,6,63,no,no,none,0.0
P00151,C1250,2281.99,UPI,failed,insufficient_funds,4,8,55,no,no,escalate,0.0
P00152,C1041,1271.2,UPI,success,none,0,2,25,no,no,none,0.0
P00153,C1028,1955.42,UPI,success,none,0,4,26,no,no,none,0.0
P00154,C1135,941.06,UPI,success,none,0,9,177,no,no,none,0.0
P00155,C1201,1579.62,Card,success,none,0,4,63,no,no,none,0.0
P00156,C1072,1317.17,Card,success,none,0,4,173,no,no,none,0.0
P00157,C1012,3554.03,Wallet,success,none,0,3,73,no,no,none,0.0
P00158,C1162,1791.51,Netbanking,success,none,0,4,79,no,no,none,0.0
P00159,C1033,1906.84,Card,success,none,0,4,167,no,no,none,0.0
P00160,C1048,1086.91,UPI,success,none,0,6,65,no,no,none,0.0
P00161,C1247,1026.9,Card,failed,technical_timeout,3,7,69,no,no,stop,0.0
P00162,C1151,1070.18,Card,success,none,0,3,9,no,no,none,0.0
P00163,C1062,1989.9,UPI,failed,insufficient_funds,3,6,156,no,no,stop,0.0
P00164,C1216,1079.51,UPI,failed,authentication_failed,5,8,173,no,no,escalate,0.0
P00165,C1037,1839.65,Netbanking,failed,authentication_failed,5,7,26,yes,yes,retry,1839.65
P00166,C1099,7020.23,UPI,success,none,0,3,28,no,no,none,0.0
P00167,C1172,2845.07,Card,success,none,0,4,40,no,no,none,0.0
P00168,C1104,1159.2,Card,success,none,0,6,143,no,no,none,0.0
P00169,C1214,3644.27,UPI,success,none,0,8,134,no,no,none,0.0
P00170,C1219,1090.01,UPI,success,none,0,3,27,no,no,none,0.0
P00171,C1035,320.99,UPI,success,none,0,4,38,no,no,none,0.0
P00172,C1193,695.02,UPI,success,none,0,3,85,no,no,none,0.0
P00173,C1227,363.91,UPI,success,none,0,8,64,no,no,none,0.0
P00174,C1101,1137.25,Netbanking,failed,technical_timeout,5,1,30,no,no,escalate,0.0
P00175,C1175,1500.89,UPI,success,none,0,3,99,no,no,none,0.0
P00176,C1206,5204.76,UPI,success,none,0,7,131,no,no,none,0.0
P00177,C1131,1891.63,UPI,success,none,0,5,12,no,no,none,0.0
P00178,C1001,1255.98,Netbanking,failed,insufficient_funds,1,9,91,no,no,stop,0.0
P00179,C1005,2757.43,UPI,success,none,0,5,30,no,no,none,0.0
P00180,C1218,281.93,UPI,failed,bank_decline,5,4,38,no,no,escalate,0.0
P00181,C1247,1766.42,Netbanking,success,none,0,5,85,no,no,none,0.0
P00182,C1142,2638.98,Netbanking,success,none,0,7,60,no,no,none,0.0
P00183,C1103,488.36,UPI,success,none,0,3,38,no,no,none,0.0
P00184,C1027,3490.55,Card,failed,bank_decline,1,6,104,no,yes,retry,3490.55
P00185,C1137,1908.12,UPI,success,none,0,7,143,no,no,none,0.0
P00186,C1207,1084.13,UPI,success,none,0,4,146,no,no,none,0.0
P00187,C1015,2379.36,UPI,success,none,0,4,180,no,no,none,0.0
P00188,C1090,8127.59,UPI,success,none,0,4,29,no,no,none,0.0
P00189,C1042,1696.63,Card,failed,insufficient_funds,5,3,112,no,no,escalate,0.0
P00190,C1124,1783.2,UPI,success,none,0,4,21,no,no,none,0.0
P00191,C1205,1048.88,UPI,success,none,0,2,145,no,no,none,0.0
P00192,C1179,782.6,Card,success,none,0,7,146,no,no,none,0.0
P00193,C1063,2759.35,Card,failed,insufficient_funds,1,6,119,no,yes,payment_link,2759.35
P00194,C1096,778.94,UPI,success,none,0,7,165,no,no,none,0.0
P00195,C1231,1561.93,Card,success,none,0,5,60,no,no,none,0.0
P00196,C1241,1034.59,UPI,success,none,0,4,166,no,no,none,0.0
P00197,C1052,2120.13,Card,failed,technical_timeout,4,5,140,yes,no,escalate,0.0
P00198,C1096,1901.21,Card,success,none,0,4,113,no,no,none,0.0
P00199,C1132,3223.28,Wallet,failed,technical_timeout,4,7,129,no,no,escalate,0.0
P00200,C1222,1009.78,UPI,failed,bank_decline,3,5,58,yes,yes,payment_link,1009.78
P00201,C1229,1209.05,UPI,failed,insufficient_funds,1,6,3,no,yes,retry,1209.05
P00202,C1151,710.47,UPI,success,none,0,5,149,no,no,none,0.0
P00203,C1231,1060.8,UPI,success,none,0,2,23,no,no,none,0.0
P00204,C1237,1964.47,UPI,success,none,0,4,137,no,no,none,0.0
P00205,C1143,2611.66,Netbanking,failed,bank_decline,2,4,83,no,yes,retry,2611.66
P00206,C1171,741.28,UPI,success,none,0,6,55,no,no,none,0.0
P00207,C1029,2841.83,UPI,success,none,0,11,110,no,no,none,0.0
P00208,C1036,4091.75,Card,success,none,0,6,116,no,no,none,0.0
P00209,C1013,2018.43,UPI,success,none,0,8,147,no,no,none,0.0
P00210,C1160,6048.69,Card,failed,bank_decline,3,5,62,yes,no,stop,0.0
P00211,C1071,828.53,UPI,success,none,0,3,87,no,no,none,0.0
P00212,C1187,582.02,UPI,failed,authentication_failed,4,5,167,yes,yes,retry,582.02
P00213,C1243,389.93,UPI,success,none,0,1,100,no,no,none,0.0
P00214,C1086,4546.14,UPI,failed,bank_decline,1,8,27,no,no,stop,0.0
P00215,C1028,2418.19,Netbanking,failed,insufficient_funds,5,6,174,yes,yes,payment_link,2418.19
P00216,C1066,1419.86,UPI,failed,bank_decline,2,4,34,yes,yes,retry,1419.86
P00217,C1170,1826.17,Card,success,none,0,7,33,no,no,none,0.0
P00218,C1045,636.44,UPI,failed,network_error,4,1,92,no,no,escalate,0.0
P00219,C1062,9267.92,UPI,success,none,0,7,96,no,no,none,0.0
P00220,C1185,1630.95,Netbanking,success,none,0,3,178,no,no,none,0.0
P00221,C1245,1606.87,UPI,failed,technical_timeout,3,9,148,yes,yes,reminder,1606.87
P00222,C1134,2551.21,Card,success,none,0,4,168,no,no,none,0.0
P00223,C1028,2123.36,Wallet,failed,bank_decline,1,2,95,no,yes,retry,2123.36
P00224,C1028,1750.95,Card,success,none,0,4,159,no,no,none,0.0
P00225,C1108,818.23,Netbanking,success,none,0,6,38,no,no,none,0.0
P00226,C1044,2108.22,UPI,failed,insufficient_funds,2,2,173,no,yes,retry,2108.22
P00227,C1084,6072.46,UPI,failed,authentication_failed,1,1,41,yes,yes,payment_link,6072.46
P00228,C1030,4060.51,UPI,failed,network_error,5,7,137,no,yes,retry,4060.51
P00229,C1190,4889.72,Card,success,none,0,7,137,no,no,none,0.0
P00230,C1075,1008.87,Wallet,success,none,0,6,79,no,no,none,0.0
P00231,C1128,704.72,UPI,success,none,0,8,128,no,no,none,0.0
P00232,C1250,1347.03,Card,success,none,0,7,22,no,no,none,0.0
P00233,C1247,1543.48,UPI,failed,bank_decline,3,5,16,no,yes,payment_link,1543.48
P00234,C1092,3363.18,Card,success,none,0,6,32,no,no,none,0.0
P00235,C1217,415.99,UPI,success,none,0,6,142,no,no,none,0.0
P00236,C1231,4661.83,Wallet,failed,network_error,1,7,38,no,no,stop,0.0
P00237,C1190,1314.87,Card,failed,network_error,4,6,98,no,no,escalate,0.0
P00238,C1225,1074.75,UPI,failed,network_error,3,3,136,no,no,stop,0.0
P00239,C1129,692.92,UPI,success,none,0,3,21,no,no,none,0.0
P00240,C1121,427.89,UPI,success,none,0,1,56,no,no,none,0.0
P00241,C1027,2744.57,UPI,failed,technical_timeout,4,5,46,no,yes,retry,2744.57
P00242,C1190,1563.98,UPI,success,none,0,3,43,no,no,none,0.0
P00243,C1121,562.58,Netbanking,failed,technical_timeout,1,9,120,yes,yes,reminder,562.58
P00244,C1116,560.42,Card,success,none,0,8,46,no,no,none,0.0
P00245,C1205,1150.74,Card,failed,insufficient_funds,3,4,48,yes,no,stop,0.0
P00246,C1233,5175.89,UPI,success,none,0,2,84,no,no,none,0.0
P00247,C1003,1218.42,Netbanking,success,none,0,3,31,no,no,none,0.0
P00248,C1103,479.45,Card,success,none,0,2,161,no,no,none,0.0
P00249,C1198,1231.14,UPI,success,none,0,4,172,no,no,none,0.0
P00250,C1200,1206.47,Card,failed,authentication_failed,4,4,71,no,no,escalate,0.0
P00251,C1155,195.85,Card,success,none,0,5,8,no,no,none,0.0
P00252,C1137,1421.23,UPI,failed,technical_timeout,5,8,130,yes,no,escalate,0.0
P00253,C1062,1244.89,UPI,failed,technical_timeout,5,6,145,no,no,escalate,0.0
P00254,C1165,2495.28,UPI,success,none,0,3,52,no,no,none,0.0
P00255,C1225,5923.7,UPI,failed,insufficient_funds,1,5,45,no,yes,reminder,5923.7
P00256,C1051,3445.84,Netbanking,failed,authentication_failed,3,6,37,yes,yes,retry,3445.84
P00257,C1234,1209.95,Netbanking,success,none,0,3,170,no,no,none,0.0
P00258,C1172,645.55,Card,success,none,0,8,44,no,no,none,0.0
P00259,C1152,10198.74,UPI,success,none,0,8,117,no,no,none,0.0
P00260,C1207,1547.53,UPI,failed,authentication_failed,2,5,38,no,yes,retry,1547.53
P00261,C1059,1495.85,Card,failed,bank_decline,3,4,99,yes,yes,payment_link,1495.85
P00262,C1118,1453.76,Card,success,none,0,2,124,no,no,none,0.0
P00263,C1160,1717.39,UPI,failed,authentication_failed,5,6,6,no,yes,reminder,1717.39
P00264,C1096,1328.4,UPI,failed,technical_timeout,4,5,68,no,yes,retry,1328.4
P00265,C1216,962.71,Card,success,none,0,6,179,no,no,none,0.0
P00266,C1233,982.26,UPI,success,none,0,7,101,no,no,none,0.0
P00267,C1180,1444.38,UPI,success,none,0,3,163,no,no,none,0.0
P00268,C1113,984.79,Card,failed,authentication_failed,2,9,134,no,no,stop,0.0
P00269,C1062,867.28,UPI,failed,insufficient_funds,1,2,13,no,yes,payment_link,867.28
P00270,C1241,1603.31,UPI,success,none,0,0,30,no,no,none,0.0
P00271,C1186,1222.64,UPI,failed,insufficient_funds,2,6,100,yes,no,stop,0.0
P00272,C1052,4573.32,UPI,success,none,0,4,2,no,no,none,0.0
P00273,C1012,202.71,Card,success,none,0,6,58,no,no,none,0.0
P00274,C1039,3356.42,UPI,success,none,0,4,36,no,no,none,0.0
P00275,C1130,3769.0,UPI,failed,network_error,1,5,72,no,yes,retry,3769.0
P00276,C1131,312.61,Netbanking,failed,bank_decline,2,2,173,no,no,stop,0.0
P00277,C1113,1144.8,Netbanking,success,none,0,5,137,no,no,none,0.0
P00278,C1101,1120.38,Netbanking,success,none,0,4,126,no,no,none,0.0
P00279,C1113,515.1,UPI,success,none,0,3,77,no,no,none,0.0
P00280,C1184,826.04,UPI,failed,authentication_failed,1,5,50,no,no,stop,0.0
P00281,C1081,643.59,Wallet,failed,insufficient_funds,1,3,32,no,no,stop,0.0
P00282,C1187,5509.35,Card,success,none,0,3,98,no,no,none,0.0
P00283,C1113,2986.21,UPI,success,none,0,4,43,no,no,none,0.0
P00284,C1002,3841.68,UPI,success,none,0,8,125,no,no,none,0.0
P00285,C1130,2543.39,UPI,failed,insufficient_funds,2,5,95,no,no,stop,0.0
P00286,C1220,634.74,Netbanking,success,none,0,4,78,no,no,none,0.0
P00287,C1054,998.86,Card,success,none,0,4,54,no,no,none,0.0
P00288,C1087,2136.73,UPI,success,none,0,4,47,no,no,none,0.0
P00289,C1229,591.94,UPI,success,none,0,4,14,no,no,none,0.0
P00290,C1224,2526.9,Card,failed,insufficient_funds,2,7,176,no,no,stop,0.0
P00291,C1225,1236.15,Netbanking,success,none,0,8,55,no,no,none,0.0
P00292,C1129,1117.54,UPI,failed,technical_timeout,1,7,157,no,yes,reminder,1117.54
P00293,C1147,2523.04,Card,success,none,0,3,175,no,no,none,0.0
P00294,C1126,2065.64,Wallet,success,none,0,6,63,no,no,none,0.0
P00295,C1130,1129.21,UPI,success,none,0,6,19,no,no,none,0.0
P00296,C1053,3531.57,Card,success,none,0,4,91,no,no,none,0.0
P00297,C1172,658.0,UPI,failed,insufficient_funds,5,6,137,yes,no,escalate,0.0
P00298,C1218,2349.49,Card,success,none,0,9,101,no,no,none,0.0
P00299,C1160,2309.59,Card,success,none,0,6,37,no,no,none,0.0
P00300,C1198,1173.61,Card,failed,bank_decline,2,4,107,no,no,stop,0.0
P00301,C1160,1890.51,Card,failed,bank_decline,3,6,92,no,yes,retry,1890.51
P00302,C1247,579.21,UPI,success,none,0,7,52,no,no,none,0.0
P00303,C1068,2960.22,Netbanking,failed,bank_decline,4,4,28,no,yes,retry,2960.22
P00304,C1183,1288.62,Card,success,none,0,3,36,no,no,none,0.0
P00305,C1203,1000.2,UPI,success,none,0,4,116,no,no,none,0.0
P00306,C1184,3251.13,Card,success,none,0,5,64,no,no,none,0.0
P00307,C1123,872.83,Card,failed,network_error,1,3,18,yes,no,stop,0.0
P00308,C1145,514.74,UPI,success,none,0,5,89,no,no,none,0.0
P00309,C1038,460.6,Netbanking,success,none,0,3,163,no,no,none,0.0
P00310,C1024,2332.06,Netbanking,failed,network_error,1,5,78,no,yes,retry,2332.06
P00311,C1069,566.61,UPI,success,none,0,5,167,no,no,none,0.0
P00312,C1116,5519.79,Wallet,success,none,0,5,90,no,no,none,0.0
P00313,C1098,310.61,UPI,success,none,0,6,8,no,no,none,0.0
P00314,C1198,5283.49,UPI,failed,insufficient_funds,4,6,15,yes,yes,reminder,5283.49
P00315,C1214,1734.13,UPI,success,none,0,6,7,no,no,none,0.0
P00316,C1139,1376.73,Netbanking,failed,authentication_failed,5,5,17,no,yes,retry,1376.73
P00317,C1240,983.69,Card,failed,insufficient_funds,4,7,86,no,yes,retry,983.69
P00318,C1144,1996.9,UPI,success,none,0,3,118,no,no,none,0.0
P00319,C1097,1439.1,UPI,success,none,0,5,64,no,no,none,0.0
P00320,C1201,3386.24,Card,failed,technical_timeout,2,7,12,no,yes,retry,3386.24
P00321,C1124,1612.71,UPI,failed,authentication_failed,4,2,56,no,no,escalate,0.0
P00322,C1187,1656.94,Netbanking,failed,network_error,1,8,174,yes,yes,retry,1656.94
P00323,C1070,1126.97,Card,failed,insufficient_funds,4,4,175,yes,no,escalate,0.0
P00324,C1208,1418.41,UPI,failed,authentication_failed,3,2,101,no,no,stop,0.0
P00325,C1093,1864.69,Wallet,failed,bank_decline,2,5,16,yes,yes,retry,1864.69
P00326,C1003,410.5,UPI,success,none,0,5,2,no,no,none,0.0
P00327,C1148,538.54,Wallet,success,none,0,4,128,no,no,none,0.0
P00328,C1187,2584.92,Card,success,none,0,6,92,no,no,none,0.0
P00329,C1164,1682.69,Card,success,none,0,8,105,no,no,none,0.0
P00330,C1147,1289.5,UPI,failed,network_error,4,4,155,no,no,escalate,0.0
P00331,C1090,1500.91,Netbanking,success,none,0,3,31,no,no,none,0.0
P00332,C1195,1921.16,UPI,success,none,0,6,169,no,no,none,0.0
P00333,C1147,987.5,UPI,success,none,0,4,164,no,no,none,0.0
P00334,C1148,825.73,UPI,success,none,0,2,47,no,no,none,0.0
P00335,C1096,1714.51,Card,success,none,0,3,43,no,no,none,0.0
P00336,C1199,710.68,Card,success,none,0,1,65,no,no,none,0.0
P00337,C1052,2010.6,Card,failed,bank_decline,1,9,50,yes,no,stop,0.0
P00338,C1233,412.84,Netbanking,success,none,0,5,1,no,no,none,0.0
P00339,C1161,3203.08,UPI,success,none,0,3,144,no,no,none,0.0
P00340,C1168,2110.01,Card,success,none,0,4,122,no,no,none,0.0
P00341,C1128,1793.68,UPI,success,none,0,3,28,no,no,none,0.0
P00342,C1039,3093.38,Netbanking,failed,technical_timeout,2,4,86,no,no,stop,0.0
P00343,C1082,5162.14,Card,failed,technical_timeout,1,6,82,no,yes,retry,5162.14
P00344,C1104,3167.75,Card,success,none,0,4,22,no,no,none,0.0
P00345,C1129,372.17,Card,success,none,0,2,41,no,no,none,0.0
P00346,C1011,566.98,UPI,success,none,0,6,76,no,no,none,0.0
P00347,C1220,926.47,UPI,failed,technical_timeout,5,3,147,no,no,escalate,0.0
P00348,C1185,1509.55,Netbanking,failed,bank_decline,3,6,89,no,no,stop,0.0
P00349,C1217,2182.54,UPI,success,none,0,2,178,no,no,none,0.0
P00350,C1178,858.93,UPI,success,none,0,8,59,no,no,none,0.0
P00351,C1151,1702.88,UPI,success,none,0,3,69,no,no,none,0.0
P00352,C1159,840.05,Netbanking,success,none,0,6,162,no,no,none,0.0
P00353,C1222,935.76,UPI,success,none,0,4,167,no,no,none,0.0
P00354,C1042,515.43,UPI,failed,network_error,5,5,123,no,no,escalate,0.0
P00355,C1099,740.68,Card,success,none,0,6,74,no,no,none,0.0
P00356,C1007,537.13,Netbanking,success,none,0,1,7,no,no,none,0.0
P00357,C1144,712.01,UPI,success,none,0,5,101,no,no,none,0.0
P00358,C1090,3262.44,UPI,success,none,0,7,111,no,no,none,0.0
P00359,C1112,726.29,UPI,success,none,0,6,180,no,no,none,0.0
P00360,C1249,10660.35,UPI,failed,bank_decline,3,6,52,no,yes,retry,10660.35
P00361,C1244,2143.06,UPI,success,none,0,7,24,no,no,none,0.0
P00362,C1060,1700.41,Card,failed,technical_timeout,4,4,26,no,yes,retry,1700.41
P00363,C1113,777.62,Card,success,none,0,3,125,no,no,none,0.0
P00364,C1002,2502.97,Card,failed,bank_decline,2,8,90,no,yes,retry,2502.97
P00365,C1129,961.29,UPI,failed,insufficient_funds,4,4,122,no,no,escalate,0.0
P00366,C1048,1622.15,Netbanking,success,none,0,5,10,no,no,none,0.0
P00367,C1140,10097.7,UPI,failed,technical_timeout,3,5,17,yes,no,stop,0.0
P00368,C1197,1377.4,Wallet,success,none,0,3,2,no,no,none,0.0
P00369,C1037,3505.03,Card,success,none,0,9,112,no,no,none,0.0
P00370,C1160,873.6,UPI,failed,insufficient_funds,3,8,27,no,no,stop,0.0
P00371,C1247,1441.96,Card,success,none,0,6,71,no,no,none,0.0
P00372,C1009,5586.46,UPI,success,none,0,3,176,no,no,none,0.0
P00373,C1233,924.98,Card,success,none,0,5,118,no,no,none,0.0
P00374,C1099,5763.71,UPI,failed,bank_decline,3,5,9,yes,yes,reminder,5763.71
P00375,C1147,2516.98,UPI,failed,bank_decline,1,5,86,no,no,stop,0.0
P00376,C1048,970.83,Netbanking,failed,insufficient_funds,2,3,23,no,yes,reminder,970.83
P00377,C1208,2378.69,UPI,failed,authentication_failed,4,7,73,yes,yes,retry,2378.69
P00378,C1131,3069.95,Netbanking,failed,network_error,4,3,27,yes,yes,retry,3069.95
P00379,C1148,2359.86,UPI,success,none,0,0,93,no,no,none,0.0
P00380,C1152,455.93,Card,success,none,0,6,81,no,no,none,0.0
P00381,C1054,858.04,Card,success,none,0,6,84,no,no,none,0.0
P00382,C1120,1229.5,UPI,success,none,0,4,43,no,no,none,0.0
P00383,C1161,1399.93,UPI,failed,bank_decline,5,5,7,yes,yes,retry,1399.93
P00384,C1152,2357.85,UPI,failed,insufficient_funds,3,9,92,no,yes,retry,2357.85
P00385,C1116,1691.34,UPI,failed,bank_decline,3,5,83,no,no,stop,0.0
P00386,C1075,543.75,UPI,failed,bank_decline,3,4,84,no,no,stop,0.0
P00387,C1113,1968.74,Card,success,none,0,3,44,no,no,none,0.0
P00388,C1200,2340.08,Netbanking,success,none,0,6,167,no,no,none,0.0
P00389,C1164,2252.61,Netbanking,failed,technical_timeout,4,2,40,no,no,escalate,0.0
P00390,C1166,3329.53,Card,failed,technical_timeout,5,6,135,no,no,escalate,0.0
P00391,C1104,2766.79,Card,success,none,0,6,25,no,no,none,0.0
P00392,C1084,2088.88,Card,success,none,0,6,59,no,no,none,0.0
P00393,C1227,1404.41,UPI,failed,bank_decline,1,5,141,yes,yes,retry,1404.41
P00394,C1112,425.93,Netbanking,success,none,0,3,103,no,no,none,0.0
P00395,C1217,2043.08,Card,success,none,0,4,86,no,no,none,0.0
P00396,C1099,1729.81,Card,failed,bank_decline,2,4,112,no,no,stop,0.0
P00397,C1153,1814.72,UPI,failed,bank_decline,1,5,86,yes,yes,retry,1814.72
P00398,C1093,568.18,UPI,success,none,0,4,98,no,no,none,0.0
P00399,C1146,658.0,UPI,success,none,0,4,62,no,no,none,0.0
P00400,C1128,3261.25,Netbanking,success,none,0,5,8,no,no,none,0.0
P00401,C1110,1437.03,Card,failed,authentication_failed,4,5,113,yes,no,escalate,0.0
P00402,C1082,2467.91,UPI,success,none,0,5,173,no,no,none,0.0
P00403,C1194,1512.08,Wallet,success,none,0,7,146,no,no,none,0.0
P00404,C1054,1513.71,UPI,success,none,0,3,60,no,no,none,0.0
P00405,C1163,2992.05,UPI,failed,network_error,3,2,60,yes,yes,retry,2992.05
P00406,C1208,1005.22,UPI,success,none,0,4,106,no,no,none,0.0
P00407,C1189,1590.96,Card,success,none,0,4,2,no,no,none,0.0
P00408,C1169,1046.59,Netbanking,success,none,0,6,91,no,no,none,0.0
P00409,C1228,1068.62,UPI,success,none,0,3,14,no,no,none,0.0
P00410,C1161,1173.94,Netbanking,success,none,0,5,48,no,no,none,0.0
P00411,C1068,1748.65,UPI,success,none,0,5,103,no,no,none,0.0
P00412,C1033,1033.74,Netbanking,success,none,0,5,56,no,no,none,0.0
P00413,C1142,3796.43,Card,failed,bank_decline,2,5,12,no,yes,retry,3796.43
P00414,C1021,756.76,Card,success,none,0,3,55,no,no,none,0.0
P00415,C1048,1286.71,UPI,failed,bank_decline,4,10,156,yes,no,escalate,0.0
P00416,C1148,1064.44,Wallet,success,none,0,5,110,no,no,none,0.0
P00417,C1248,4381.88,Card,failed,network_error,4,4,4,yes,no,escalate,0.0
P00418,C1128,1715.42,UPI,failed,network_error,4,4,36,yes,no,escalate,0.0
P00419,C1136,3209.54,Netbanking,failed,insufficient_funds,2,7,178,yes,yes,retry,3209.54
P00420,C1135,485.82,UPI,failed,bank_decline,2,3,131,no,yes,retry,485.82
P00421,C1195,1808.56,Netbanking,success,none,0,6,1,no,no,none,0.0
P00422,C1145,2884.84,UPI,success,none,0,2,17,no,no,none,0.0
P00423,C1128,1574.53,Card,success,none,0,4,62,no,no,none,0.0
P00424,C1033,3291.54,Card,failed,bank_decline,5,4,48,no,no,escalate,0.0
P00425,C1176,1004.29,UPI,failed,technical_timeout,5,4,62,no,no,escalate,0.0
P00426,C1204,4259.94,UPI,failed,insufficient_funds,1,8,69,yes,no,stop,0.0
P00427,C1187,8301.35,UPI,failed,bank_decline,2,5,147,yes,yes,retry,8301.35
P00428,C1115,1127.63,UPI,success,none,0,8,103,no,no,none,0.0
P00429,C1214,1059.84,UPI,failed,technical_timeout,2,5,110,no,yes,retry,1059.84
P00430,C1119,4402.99,Card,failed,bank_decline,2,7,162,yes,yes,reminder,4402.99
P00431,C1022,4840.04,UPI,failed,authentication_failed,5,8,177,no,no,escalate,0.0
P00432,C1238,1000.1,UPI,failed,insufficient_funds,4,3,175,yes,no,escalate,0.0
P00433,C1158,1080.16,Card,success,none,0,4,91,no,no,none,0.0
P00434,C1038,1198.3,UPI,success,none,0,6,114,no,no,none,0.0
P00435,C1230,540.05,Netbanking,failed,bank_decline,3,4,178,no,no,stop,0.0
P00436,C1109,743.23,Netbanking,failed,technical_timeout,5,4,89,yes,yes,reminder,743.23
P00437,C1051,697.08,Card,success,none,0,6,154,no,no,none,0.0
P00438,C1182,832.27,Card,failed,insufficient_funds,2,2,56,no,no,stop,0.0
P00439,C1008,1442.29,Netbanking,failed,network_error,5,4,78,no,no,escalate,0.0
P00440,C1027,1764.57,UPI,success,none,0,2,14,no,no,none,0.0
P00441,C1027,4735.66,UPI,success,none,0,8,25,no,no,none,0.0
P00442,C1226,700.11,UPI,success,none,0,7,132,no,no,none,0.0
P00443,C1021,3097.16,Card,success,none,0,2,32,no,no,none,0.0
P00444,C1030,1260.81,UPI,success,none,0,5,82,no,no,none,0.0
P00445,C1097,1426.39,Card,success,none,0,6,78,no,no,none,0.0
P00446,C1028,2455.57,Wallet,success,none,0,7,106,no,no,none,0.0
P00447,C1111,637.76,Netbanking,success,none,0,7,20,no,no,none,0.0
P00448,C1192,1972.01,Card,failed,technical_timeout,1,7,74,no,no,stop,0.0
P00449,C1225,1677.13,UPI,success,none,0,6,10,no,no,none,0.0
P00450,C1197,2141.66,Netbanking,success,none,0,5,123,no,no,none,0.0
P00451,C1061,1838.81,Card,success,none,0,5,34,no,no,none,0.0
P00452,C1048,9334.52,UPI,success,none,0,8,155,no,no,none,0.0
P00453,C1147,917.54,UPI,success,none,0,7,40,no,no,none,0.0
P00454,C1004,994.01,Netbanking,failed,bank_decline,2,4,127,yes,no,stop,0.0
P00455,C1035,927.64,Card,success,none,0,5,33,no,no,none,0.0
P00456,C1192,975.93,Netbanking,failed,technical_timeout,1,8,71,no,yes,retry,975.93
P00457,C1049,917.78,Netbanking,failed,bank_decline,2,5,137,no,yes,retry,917.78
P00458,C1017,3611.08,Card,failed,network_error,5,2,144,yes,no,escalate,0.0
P00459,C1172,4295.74,UPI,success,none,0,3,133,no,no,none,0.0
P00460,C1220,964.82,UPI,failed,insufficient_funds,4,7,98,yes,no,escalate,0.0
P00461,C1158,792.93,UPI,success,none,0,3,124,no,no,none,0.0
P00462,C1221,2108.14,UPI,success,none,0,8,151,no,no,none,0.0
P00463,C1046,978.32,Card,failed,technical_timeout,3,1,43,no,yes,retry,978.32
P00464,C1117,2379.63,Card,success,none,0,5,114,no,no,none,0.0
P00465,C1006,1723.64,Netbanking,success,none,0,3,89,no,no,none,0.0
P00466,C1099,474.94,UPI,failed,bank_decline,1,5,179,yes,yes,retry,474.94
P00467,C1124,4725.03,Card,success,none,0,5,13,no,no,none,0.0
P00468,C1233,5692.52,Card,failed,insufficient_funds,5,2,128,no,yes,retry,5692.52
P00469,C1037,934.87,Card,success,none,0,7,152,no,no,none,0.0
P00470,C1024,1106.8,Card,success,none,0,2,139,no,no,none,0.0
P00471,C1093,1834.26,UPI,success,none,0,4,52,no,no,none,0.0
P00472,C1241,1902.34,UPI,success,none,0,5,17,no,no,none,0.0
P00473,C1046,2425.78,UPI,failed,authentication_failed,4,4,165,yes,yes,retry,2425.78
P00474,C1181,6685.21,UPI,failed,authentication_failed,5,4,13,no,no,escalate,0.0
P00475,C1095,1296.33,UPI,success,none,0,5,84,no,no,none,0.0
P00476,C1099,813.44,Card,success,none,0,4,97,no,no,none,0.0
P00477,C1188,526.11,Wallet,success,none,0,4,106,no,no,none,0.0
P00478,C1225,855.6,Card,success,none,0,5,96,no,no,none,0.0
P00479,C1116,1443.97,Card,success,none,0,7,8,no,no,none,0.0
P00480,C1191,5686.89,UPI,success,none,0,6,56,no,no,none,0.0
P00481,C1213,1004.04,Card,failed,bank_decline,1,6,104,yes,yes,retry,1004.04
P00482,C1160,1750.82,UPI,success,none,0,8,83,no,no,none,0.0
P00483,C1215,1462.18,UPI,success,none,0,5,44,no,no,none,0.0
P00484,C1161,3609.39,UPI,failed,bank_decline,3,2,103,no,no,stop,0.0
P00485,C1067,9849.73,UPI,success,none,0,4,112,no,no,none,0.0
P00486,C1128,994.11,UPI,success,none,0,6,169,no,no,none,0.0
P00487,C1018,1025.48,UPI,success,none,0,3,149,no,no,none,0.0
P00488,C1025,3239.33,UPI,failed,authentication_failed,5,3,42,yes,no,escalate,0.0
P00489,C1234,2468.63,Wallet,success,none,0,5,157,no,no,none,0.0
P00490,C1223,5913.72,UPI,success,none,0,5,145,no,no,none,0.0
P00491,C1054,2293.76,UPI,success,none,0,6,30,no,no,none,0.0
P00492,C1058,1130.63,UPI,failed,network_error,2,2,26,yes,yes,retry,1130.63
P00493,C1067,2305.36,Card,failed,bank_decline,4,6,125,yes,no,escalate,0.0
P00494,C1104,3399.99,UPI,success,none,0,4,19,no,no,none,0.0
P00495,C1174,2739.04,UPI,success,none,0,3,53,no,no,none,0.0
P00496,C1024,2165.61,UPI,success,none,0,4,85,no,no,none,0.0
P00497,C1114,3294.49,UPI,success,none,0,2,17,no,no,none,0.0
P00498,C1032,3558.06,UPI,failed,insufficient_funds,5,6,174,no,no,escalate,0.0
P00499,C1175,4173.95,UPI,success,none,0,8,104,no,no,none,0.0
P00500,C1086,2407.95,UPI,failed,insufficient_funds,4,5,105,yes,no,escalate,0.0
P00501,C1151,1305.92,UPI,failed,network_error,2,6,104,no,yes,payment_link,1305.92
P00502,C1194,1652.48,UPI,success,none,0,5,173,no,no,none,0.0
P00503,C1127,3658.77,Card,success,none,0,5,177,no,no,none,0.0
P00504,C1155,802.15,Card,success,none,0,6,147,no,no,none,0.0
P00505,C1234,1951.8,UPI,success,none,0,4,124,no,no,none,0.0
P00506,C1130,1102.13,UPI,failed,bank_decline,3,4,81,yes,no,stop,0.0
P00507,C1218,1512.56,Netbanking,failed,bank_decline,3,5,37,yes,no,stop,0.0
P00508,C1017,3861.61,UPI,failed,authentication_failed,2,5,121,no,yes,reminder,3861.61
P00509,C1104,1708.42,UPI,failed,bank_decline,4,4,70,no,no,escalate,0.0
P00510,C1161,1532.76,Card,failed,insufficient_funds,5,4,154,no,yes,payment_link,1532.76
P00511,C1137,533.85,UPI,failed,insufficient_funds,2,7,130,no,yes,reminder,533.85
P00512,C1043,2590.72,UPI,success,none,0,5,59,no,no,none,0.0
P00513,C1246,2402.13,UPI,success,none,0,4,118,no,no,none,0.0
P00514,C1176,7498.37,Netbanking,success,none,0,3,133,no,no,none,0.0
P00515,C1039,1175.17,UPI,success,none,0,9,37,no,no,none,0.0
P00516,C1221,1744.74,Card,failed,insufficient_funds,1,6,31,no,no,stop,0.0
P00517,C1170,1784.76,Wallet,failed,insufficient_funds,4,6,99,no,yes,reminder,1784.76
P00518,C1247,4832.36,UPI,success,none,0,4,94,no,no,none,0.0
P00519,C1026,1378.19,UPI,success,none,0,7,176,no,no,none,0.0
P00520,C1099,1824.87,UPI,failed,insufficient_funds,3,6,6,no,yes,retry,1824.87
P00521,C1050,2335.36,UPI,success,none,0,6,15,no,no,none,0.0
P00522,C1153,1702.68,UPI,success,none,0,2,143,no,no,none,0.0
P00523,C1152,1059.1,Netbanking,success,none,0,6,16,no,no,none,0.0
P00524,C1013,1712.26,Card,failed,bank_decline,2,4,20,no,yes,retry,1712.26
P00525,C1060,3311.72,Card,success,none,0,7,77,no,no,none,0.0
P00526,C1250,685.48,UPI,success,none,0,8,44,no,no,none,0.0
P00527,C1135,1635.54,Netbanking,success,none,0,6,170,no,no,none,0.0
P00528,C1057,875.6,Wallet,success,none,0,3,46,no,no,none,0.0
P00529,C1036,3627.45,Netbanking,success,none,0,4,95,no,no,none,0.0
P00530,C1173,472.3,UPI,success,none,0,5,162,no,no,none,0.0
P00531,C1020,973.41,Card,failed,technical_timeout,3,3,64,no,no,stop,0.0
P00532,C1065,1964.33,UPI,success,none,0,5,157,no,no,none,0.0
P00533,C1008,4789.32,UPI,success,none,0,8,131,no,no,none,0.0
P00534,C1238,1409.07,UPI,success,none,0,8,9,no,no,none,0.0
P00535,C1144,976.13,Card,failed,authentication_failed,4,5,153,no,no,escalate,0.0
P00536,C1142,6068.51,Card,failed,authentication_failed,3,5,42,no,no,stop,0.0
P00537,C1204,499.69,UPI,success,none,0,8,174,no,no,none,0.0
P00538,C1115,284.55,UPI,success,none,0,5,73,no,no,none,0.0
P00539,C1215,2059.07,UPI,success,none,0,4,84,no,no,none,0.0
P00540,C1143,1015.83,UPI,success,none,0,3,59,no,no,none,0.0
P00541,C1092,688.2,UPI,success,none,0,7,21,no,no,none,0.0
P00542,C1098,2518.12,UPI,success,none,0,4,150,no,no,none,0.0
P00543,C1066,1777.3,Card,success,none,0,4,157,no,no,none,0.0
P00544,C1032,969.66,UPI,success,none,0,5,63,no,no,none,0.0
P00545,C1215,566.67,UPI,success,none,0,3,73,no,no,none,0.0
P00546,C1191,2847.92,UPI,failed,bank_decline,2,5,61,yes,yes,reminder,2847.92
P00547,C1086,2410.65,Netbanking,success,none,0,4,64,no,no,none,0.0
P00548,C1051,1374.19,Card,success,none,0,6,69,no,no,none,0.0
P00549,C1153,5913.41,Card,failed,bank_decline,4,5,168,yes,yes,retry,5913.41
P00550,C1186,663.44,UPI,failed,bank_decline,1,5,129,no,yes,payment_link,663.44
P00551,C1063,471.47,Card,failed,insufficient_funds,2,2,106,yes,no,stop,0.0
P00552,C1190,881.01,UPI,failed,insufficient_funds,5,5,65,no,yes,retry,881.01
P00553,C1125,1430.54,Card,failed,technical_timeout,2,3,122,yes,yes,reminder,1430.54
P00554,C1150,1776.69,Netbanking,success,none,0,3,62,no,no,none,0.0
P00555,C1058,1235.3,Card,success,none,0,5,103,no,no,none,0.0
P00556,C1058,1927.62,Netbanking,success,none,0,4,60,no,no,none,0.0
P00557,C1086,579.02,Card,failed,bank_decline,4,3,46,no,no,escalate,0.0
P00558,C1049,4371.33,UPI,failed,bank_decline,2,4,5,yes,yes,payment_link,4371.33
P00559,C1180,1391.85,Netbanking,success,none,0,2,113,no,no,none,0.0
P00560,C1170,3421.97,UPI,success,none,0,6,150,no,no,none,0.0
P00561,C1070,1914.18,Card,success,none,0,7,70,no,no,none,0.0
P00562,C1015,2085.09,UPI,success,none,0,3,160,no,no,none,0.0
P00563,C1054,2269.52,UPI,success,none,0,5,11,no,no,none,0.0
P00564,C1235,2070.99,UPI,failed,insufficient_funds,1,4,138,no,yes,payment_link,2070.99
P00565,C1188,2397.17,UPI,success,none,0,6,167,no,no,none,0.0
P00566,C1101,4011.27,UPI,failed,technical_timeout,1,6,98,yes,yes,retry,4011.27
P00567,C1225,1715.38,Card,success,none,0,2,31,no,no,none,0.0
P00568,C1008,2519.34,UPI,success,none,0,2,12,no,no,none,0.0
P00569,C1053,1383.95,UPI,failed,bank_decline,5,5,108,no,no,escalate,0.0
P00570,C1060,4359.39,Card,failed,technical_timeout,3,2,80,no,no,stop,0.0
P00571,C1236,891.32,UPI,failed,bank_decline,4,7,166,yes,yes,retry,891.32
P00572,C1108,5714.18,Card,success,none,0,4,67,no,no,none,0.0
P00573,C1005,1436.38,Card,failed,network_error,4,5,52,no,no,escalate,0.0
P00574,C1103,506.19,Netbanking,success,none,0,7,133,no,no,none,0.0
P00575,C1196,1629.58,Card,failed,network_error,3,5,139,yes,yes,retry,1629.58
P00576,C1006,888.21,UPI,success,none,0,7,25,no,no,none,0.0
P00577,C1109,2780.77,Card,success,none,0,1,35,no,no,none,0.0
P00578,C1224,907.35,UPI,success,none,0,3,163,no,no,none,0.0
P00579,C1116,1059.3,UPI,success,none,0,4,22,no,no,none,0.0
P00580,C1094,358.83,Card,failed,insufficient_funds,1,9,165,yes,yes,payment_link,358.83
P00581,C1047,1054.45,UPI,failed,bank_decline,1,4,96,no,no,stop,0.0
P00582,C1099,240.35,Card,success,none,0,5,117,no,no,none,0.0
P00583,C1055,451.27,Netbanking,failed,insufficient_funds,2,6,20,no,no,stop,0.0
P00584,C1168,2618.38,Netbanking,success,none,0,6,106,no,no,none,0.0
P00585,C1052,2668.71,Netbanking,failed,bank_decline,5,3,4,no,no,escalate,0.0
P00586,C1144,2036.71,UPI,failed,technical_timeout,5,3,18,yes,yes,reminder,2036.71
P00587,C1013,716.78,UPI,failed,authentication_failed,5,5,51,no,no,escalate,0.0
P00588,C1114,1428.27,Card,success,none,0,7,20,no,no,none,0.0
P00589,C1124,1476.31,UPI,failed,technical_timeout,2,6,122,no,yes,retry,1476.31
P00590,C1106,620.94,Card,success,none,0,6,137,no,no,none,0.0
P00591,C1158,4571.28,Card,failed,authentication_failed,5,4,80,no,yes,reminder,4571.28
P00592,C1147,2858.41,Card,success,none,0,7,154,no,no,none,0.0
P00593,C1145,1254.23,UPI,failed,insufficient_funds,3,4,102,no,no,stop,0.0
P00594,C1120,1510.45,UPI,success,none,0,8,25,no,no,none,0.0
P00595,C1063,1730.71,UPI,success,none,0,5,169,no,no,none,0.0
P00596,C1019,320.12,UPI,failed,bank_decline,2,5,59,no,yes,payment_link,320.12
P00597,C1092,1229.81,Netbanking,success,none,0,4,45,no,no,none,0.0
P00598,C1058,887.59,UPI,success,none,0,5,41,no,no,none,0.0
P00599,C1183,698.4,UPI,success,none,0,2,38,no,no,none,0.0
P00600,C1090,1198.92,UPI,success,none,0,3,117,no,no,none,0.0
P00601,C1229,5700.25,Card,failed,authentication_failed,3,7,19,yes,yes,payment_link,5700.25
P00602,C1218,2393.79,Card,success,none,0,5,14,no,no,none,0.0
P00603,C1117,964.51,UPI,failed,insufficient_funds,2,6,127,yes,no,stop,0.0
P00604,C1062,2274.32,UPI,failed,technical_timeout,5,7,149,no,yes,payment_link,2274.32
P00605,C1023,4228.14,UPI,success,none,0,2,143,no,no,none,0.0
P00606,C1127,2961.57,UPI,failed,bank_decline,3,7,3,no,yes,payment_link,2961.57
P00607,C1137,1548.01,Card,success,none,0,5,37,no,no,none,0.0
P00608,C1140,911.23,Card,success,none,0,5,117,no,no,none,0.0
P00609,C1245,2499.05,UPI,success,none,0,7,174,no,no,none,0.0
P00610,C1129,1988.46,UPI,success,none,0,6,16,no,no,none,0.0
P00611,C1058,2896.9,Wallet,failed,bank_decline,3,5,142,yes,no,stop,0.0
P00612,C1122,2383.63,UPI,failed,network_error,3,0,9,yes,no,stop,0.0
P00613,C1001,3252.45,Card,success,none,0,7,7,no,no,none,0.0
P00614,C1239,990.86,UPI,failed,bank_decline,2,5,142,no,yes,retry,990.86
P00615,C1034,3976.06,UPI,failed,network_error,4,5,134,no,yes,retry,3976.06
P00616,C1096,1716.77,UPI,failed,network_error,5,6,15,yes,yes,payment_link,1716.77
P00617,C1126,7019.49,UPI,success,none,0,8,180,no,no,none,0.0
P00618,C1118,882.81,Wallet,success,none,0,4,72,no,no,none,0.0
P00619,C1048,5442.39,UPI,failed,authentication_failed,3,6,162,yes,no,stop,0.0
P00620,C1089,1717.17,UPI,success,none,0,4,104,no,no,none,0.0
P00621,C1232,908.17,UPI,failed,technical_timeout,4,1,129,no,yes,payment_link,908.17
P00622,C1237,1029.76,UPI,failed,technical_timeout,5,3,96,no,no,escalate,0.0
P00623,C1117,1164.14,UPI,success,none,0,4,122,no,no,none,0.0
P00624,C1129,2034.74,UPI,success,none,0,5,115,no,no,none,0.0
P00625,C1016,2191.03,Card,success,none,0,4,148,no,no,none,0.0
P00626,C1189,962.68,UPI,failed,network_error,5,5,80,no,no,escalate,0.0
P00627,C1231,1453.51,UPI,success,none,0,2,7,no,no,none,0.0
P00628,C1192,7381.28,Netbanking,success,none,0,2,135,no,no,none,0.0
P00629,C1191,5408.12,UPI,success,none,0,5,50,no,no,none,0.0
P00630,C1069,2053.38,Wallet,success,none,0,5,130,no,no,none,0.0
P00631,C1022,1523.1,UPI,success,none,0,5,47,no,no,none,0.0
P00632,C1093,1619.74,Netbanking,success,none,0,6,14,no,no,none,0.0
P00633,C1247,2345.23,Card,success,none,0,4,31,no,no,none,0.0
P00634,C1195,687.39,Netbanking,success,none,0,9,50,no,no,none,0.0
P00635,C1076,1220.44,Wallet,success,none,0,7,41,no,no,none,0.0
P00636,C1154,423.5,UPI,success,none,0,2,14,no,no,none,0.0
P00637,C1144,1997.03,Wallet,success,none,0,3,133,no,no,none,0.0
P00638,C1179,2405.22,UPI,success,none,0,4,5,no,no,none,0.0
P00639,C1229,1030.3,UPI,failed,insufficient_funds,3,6,157,no,yes,retry,1030.3
P00640,C1086,4819.81,UPI,success,none,0,7,5,no,no,none,0.0
P00641,C1185,590.33,Card,success,none,0,4,113,no,no,none,0.0
P00642,C1029,493.6,UPI,success,none,0,5,118,no,no,none,0.0
P00643,C1206,1751.69,Card,failed,insufficient_funds,3,5,96,no,yes,reminder,1751.69
P00644,C1220,3246.47,Card,success,none,0,3,36,no,no,none,0.0
P00645,C1069,5234.08,Card,failed,technical_timeout,2,3,79,no,no,stop,0.0
P00646,C1047,1049.26,Netbanking,success,none,0,7,19,no,no,none,0.0
P00647,C1241,3324.29,UPI,success,none,0,3,22,no,no,none,0.0
P00648,C1094,1438.16,UPI,success,none,0,8,162,no,no,none,0.0
P00649,C1238,1300.53,UPI,success,none,0,8,56,no,no,none,0.0
P00650,C1190,2871.95,UPI,success,none,0,5,17,no,no,none,0.0
P00651,C1244,2414.49,UPI,success,none,0,5,17,no,no,none,0.0
P00652,C1197,453.82,UPI,failed,insufficient_funds,4,3,146,no,no,escalate,0.0
P00653,C1204,4480.12,UPI,success,none,0,3,173,no,no,none,0.0
P00654,C1144,4167.49,Wallet,success,none,0,6,78,no,no,none,0.0
P00655,C1218,925.96,Card,success,none,0,5,56,no,no,none,0.0
P00656,C1218,1991.92,UPI,failed,insufficient_funds,4,4,80,yes,no,escalate,0.0
P00657,C1176,2144.2,Card,success,none,0,6,50,no,no,none,0.0
P00658,C1085,1799.93,UPI,failed,insufficient_funds,3,3,58,no,no,stop,0.0
P00659,C1039,979.72,UPI,success,none,0,12,18,no,no,none,0.0
P00660,C1100,894.52,Card,success,none,0,1,135,no,no,none,0.0
P00661,C1033,1452.2,UPI,success,none,0,6,76,no,no,none,0.0
P00662,C1222,3567.24,UPI,success,none,0,1,10,no,no,none,0.0
P00663,C1101,2225.42,Wallet,failed,technical_timeout,5,6,69,no,no,escalate,0.0
P00664,C1023,1121.07,Netbanking,failed,network_error,3,1,85,no,no,stop,0.0
P00665,C1250,2640.63,Card,success,none,0,4,131,no,no,none,0.0
P00666,C1010,174.79,Card,success,none,0,3,83,no,no,none,0.0
P00667,C1246,3503.7,Card,failed,bank_decline,5,3,109,yes,no,escalate,0.0
P00668,C1069,401.5,UPI,success,none,0,5,44,no,no,none,0.0
P00669,C1100,1127.96,UPI,success,none,0,5,142,no,no,none,0.0
P00670,C1034,639.22,UPI,success,none,0,5,132,no,no,none,0.0
P00671,C1180,560.59,UPI,success,none,0,9,18,no,no,none,0.0
P00672,C1223,3535.54,Card,failed,network_error,5,3,93,no,no,escalate,0.0
P00673,C1138,1042.34,UPI,failed,technical_timeout,3,3,180,no,no,stop,0.0
P00674,C1250,1919.61,Wallet,success,none,0,6,38,no,no,none,0.0
P00675,C1147,1429.11,Netbanking,success,none,0,6,148,no,no,none,0.0
P00676,C1186,2117.05,Card,success,none,0,3,172,no,no,none,0.0
P00677,C1096,1568.09,Card,success,none,0,7,51,no,no,none,0.0
P00678,C1001,565.53,Netbanking,success,none,0,4,19,no,no,none,0.0
P00679,C1248,3125.03,UPI,success,none,0,1,120,no,no,none,0.0
P00680,C1069,1022.17,Card,success,none,0,7,68,no,no,none,0.0
P00681,C1237,460.62,UPI,success,none,0,7,66,no,no,none,0.0
P00682,C1004,1073.75,Card,success,none,0,2,141,no,no,none,0.0
P00683,C1016,4562.24,UPI,failed,authentication_failed,1,5,158,yes,yes,payment_link,4562.24
P00684,C1024,2800.82,Netbanking,success,none,0,6,98,no,no,none,0.0
P00685,C1080,1139.69,Netbanking,failed,technical_timeout,4,9,158,no,yes,retry,1139.69
P00686,C1247,1139.17,UPI,success,none,0,3,179,no,no,none,0.0
P00687,C1002,1163.02,UPI,success,none,0,4,88,no,no,none,0.0
P00688,C1241,7027.32,Wallet,success,none,0,10,176,no,no,none,0.0
P00689,C1220,1971.31,UPI,failed,authentication_failed,5,4,33,no,yes,retry,1971.31
P00690,C1128,2043.73,Netbanking,failed,bank_decline,5,4,105,no,no,escalate,0.0
P00691,C1160,3205.79,Card,failed,authentication_failed,1,4,74,no,yes,retry,3205.79
P00692,C1219,1770.63,UPI,success,none,0,7,82,no,no,none,0.0
P00693,C1084,1218.92,UPI,failed,bank_decline,2,8,19,no,yes,reminder,1218.92
P00694,C1152,1277.6,UPI,success,none,0,6,71,no,no,none,0.0
P00695,C1140,1402.9,Card,success,none,0,6,57,no,no,none,0.0
P00696,C1178,1439.55,UPI,success,none,0,3,147,no,no,none,0.0
P00697,C1163,2554.78,UPI,success,none,0,5,79,no,no,none,0.0
P00698,C1124,1539.11,UPI,failed,network_error,1,6,169,no,yes,reminder,1539.11
P00699,C1033,2564.4,Card,success,none,0,2,42,no,no,none,0.0
P00700,C1161,1393.34,Netbanking,success,none,0,8,180,no,no,none,0.0
P00701,C1189,1570.23,Wallet,failed,network_error,1,5,116,yes,yes,retry,1570.23
P00702,C1179,330.75,UPI,success,none,0,4,4,no,no,none,0.0
P00703,C1171,2943.18,Netbanking,failed,insufficient_funds,5,4,4,yes,no,escalate,0.0
P00704,C1101,1919.59,Card,success,none,0,2,5,no,no,none,0.0
P00705,C1012,3129.12,Card,success,none,0,5,41,no,no,none,0.0
P00706,C1067,168.65,Wallet,failed,bank_decline,4,5,108,no,yes,retry,168.65
P00707,C1065,7088.87,UPI,success,none,0,4,87,no,no,none,0.0
P00708,C1161,1333.16,UPI,success,none,0,2,104,no,no,none,0.0
P00709,C1168,3398.66,Netbanking,success,none,0,4,117,no,no,none,0.0
P00710,C1074,678.63,UPI,success,none,0,4,101,no,no,none,0.0
P00711,C1043,2343.92,Netbanking,success,none,0,1,75,no,no,none,0.0
P00712,C1044,671.78,Netbanking,failed,authentication_failed,1,8,75,no,yes,payment_link,671.78
P00713,C1029,927.2,UPI,failed,bank_decline,2,4,13,no,no,stop,0.0
P00714,C1141,6219.99,Netbanking,failed,network_error,3,10,142,no,yes,retry,6219.99
P00715,C1012,1283.04,UPI,success,none,0,6,25,no,no,none,0.0
P00716,C1095,1742.5,UPI,success,none,0,3,115,no,no,none,0.0
P00717,C1046,2842.82,Card,success,none,0,6,172,no,no,none,0.0
P00718,C1130,2146.86,Netbanking,success,none,0,4,82,no,no,none,0.0
P00719,C1243,1657.08,UPI,failed,bank_decline,1,3,10,yes,no,stop,0.0
P00720,C1242,1946.37,UPI,success,none,0,2,50,no,no,none,0.0
P00721,C1035,8978.26,Card,failed,bank_decline,1,3,172,no,no,stop,0.0
P00722,C1215,1417.69,Card,failed,network_error,2,5,142,yes,yes,reminder,1417.69
P00723,C1081,1721.28,Card,failed,technical_timeout,4,3,15,no,no,escalate,0.0
P00724,C1090,3255.14,UPI,success,none,0,4,16,no,no,none,0.0
P00725,C1008,3391.9,UPI,failed,authentication_failed,1,3,2,no,no,stop,0.0
P00726,C1093,3605.71,UPI,failed,insufficient_funds,1,6,158,no,yes,retry,3605.71
P00727,C1154,2390.0,Card,failed,technical_timeout,4,5,30,yes,yes,payment_link,2390.0
P00728,C1202,628.13,UPI,failed,technical_timeout,2,5,82,yes,yes,retry,628.13
P00729,C1090,5039.56,UPI,success,none,0,4,31,no,no,none,0.0
P00730,C1162,626.56,Wallet,success,none,0,4,77,no,no,none,0.0
P00731,C1115,1857.48,UPI,success,none,0,6,148,no,no,none,0.0
P00732,C1105,840.75,Wallet,success,none,0,4,177,no,no,none,0.0
P00733,C1135,1410.78,Card,failed,technical_timeout,1,6,114,no,no,stop,0.0
P00734,C1196,1894.24,Netbanking,success,none,0,4,35,no,no,none,0.0
P00735,C1058,1883.75,UPI,failed,technical_timeout,4,5,23,no,no,escalate,0.0
P00736,C1245,2031.32,UPI,failed,technical_timeout,1,5,106,no,no,stop,0.0
P00737,C1114,4965.57,Card,failed,insufficient_funds,3,4,97,yes,no,stop,0.0
P00738,C1237,2080.06,Netbanking,failed,bank_decline,5,5,115,no,no,escalate,0.0
P00739,C1075,1232.6,Card,failed,authentication_failed,3,3,100,no,no,stop,0.0
P00740,C1157,3050.51,UPI,failed,bank_decline,1,4,55,yes,no,stop,0.0
P00741,C1120,3612.31,Card,success,none,0,6,8,no,no,none,0.0
P00742,C1164,589.51,Card,failed,technical_timeout,2,6,168,no,no,stop,0.0
P00743,C1217,2317.05,Card,failed,bank_decline,5,1,59,yes,yes,retry,2317.05
P00744,C1021,2504.59,Card,success,none,0,3,128,no,no,none,0.0
P00745,C1249,1184.21,Netbanking,failed,technical_timeout,3,4,32,no,no,stop,0.0
P00746,C1164,4153.81,Card,failed,authentication_failed,4,6,93,no,yes,payment_link,4153.81
P00747,C1138,1322.74,UPI,success,none,0,4,7,no,no,none,0.0
P00748,C1101,1626.49,UPI,failed,bank_decline,2,3,2,no,yes,retry,1626.49
P00749,C1201,1300.1,UPI,failed,bank_decline,3,14,85,no,no,stop,0.0
P00750,C1152,1497.7,UPI,success,none,0,5,134,no,no,none,0.0
P00751,C1192,650.53,UPI,failed,bank_decline,4,4,106,no,no,escalate,0.0
P00752,C1227,502.68,UPI,success,none,0,5,36,no,no,none,0.0
P00753,C1177,4894.56,UPI,success,none,0,5,160,no,no,none,0.0
P00754,C1099,784.29,UPI,failed,technical_timeout,1,7,45,yes,yes,reminder,784.29
P00755,C1240,703.77,Card,success,none,0,7,42,no,no,none,0.0
P00756,C1036,294.41,Netbanking,success,none,0,7,53,no,no,none,0.0
P00757,C1210,916.7,UPI,failed,authentication_failed,4,2,110,no,yes,retry,916.7
P00758,C1241,548.77,Wallet,success,none,0,5,9,no,no,none,0.0
P00759,C1231,5072.11,Card,failed,bank_decline,3,3,87,no,no,stop,0.0
P00760,C1096,3156.95,UPI,success,none,0,7,114,no,no,none,0.0
P00761,C1152,883.5,UPI,failed,authentication_failed,3,2,75,no,yes,payment_link,883.5
P00762,C1151,8017.06,UPI,success,none,0,6,177,no,no,none,0.0
P00763,C1190,3091.23,Card,failed,insufficient_funds,1,4,130,yes,yes,retry,3091.23
P00764,C1224,1160.23,Card,success,none,0,8,11,no,no,none,0.0
P00765,C1037,227.11,UPI,failed,insufficient_funds,4,5,50,no,no,escalate,0.0
P00766,C1012,8251.97,UPI,success,none,0,1,163,no,no,none,0.0
P00767,C1113,522.08,UPI,success,none,0,2,122,no,no,none,0.0
P00768,C1183,430.93,UPI,success,none,0,3,143,no,no,none,0.0
P00769,C1013,3187.29,UPI,success,none,0,6,75,no,no,none,0.0
P00770,C1023,9226.31,UPI,success,none,0,8,31,no,no,none,0.0
P00771,C1217,4180.58,Card,success,none,0,4,92,no,no,none,0.0
P00772,C1099,2259.57,Netbanking,success,none,0,3,156,no,no,none,0.0
P00773,C1105,2312.46,UPI,failed,network_error,4,6,153,yes,yes,retry,2312.46
P00774,C1030,2807.53,Netbanking,success,none,0,6,92,no,no,none,0.0
P00775,C1017,2615.46,UPI,success,none,0,8,153,no,no,none,0.0
P00776,C1113,1827.85,UPI,success,none,0,6,75,no,no,none,0.0
P00777,C1062,1600.63,UPI,success,none,0,6,92,no,no,none,0.0
P00778,C1084,1412.41,Card,failed,insufficient_funds,1,5,129,yes,yes,payment_link,1412.41
P00779,C1112,840.95,Wallet,failed,insufficient_funds,4,4,42,no,no,escalate,0.0
P00780,C1217,1199.3,Card,success,none,0,5,110,no,no,none,0.0
P00781,C1086,415.83,UPI,success,none,0,5,162,no,no,none,0.0
P00782,C1141,1375.05,Card,success,none,0,6,18,no,no,none,0.0
P00783,C1187,705.25,UPI,success,none,0,11,77,no,no,none,0.0
P00784,C1019,646.98,Netbanking,success,none,0,8,133,no,no,none,0.0
P00785,C1177,1694.12,UPI,failed,bank_decline,1,7,20,yes,yes,retry,1694.12
P00786,C1100,4204.88,UPI,success,none,0,7,127,no,no,none,0.0
P00787,C1140,2947.57,Card,success,none,0,4,75,no,no,none,0.0
P00788,C1189,455.83,Card,failed,bank_decline,2,8,62,no,yes,reminder,455.83
P00789,C1233,704.7,UPI,success,none,0,6,32,no,no,none,0.0
P00790,C1147,2997.63,Card,success,none,0,2,178,no,no,none,0.0
P00791,C1076,708.49,UPI,failed,bank_decline,3,4,166,no,no,stop,0.0
P00792,C1009,1250.78,Card,failed,bank_decline,2,0,28,no,no,stop,0.0
P00793,C1199,2236.21,Netbanking,success,none,0,6,74,no,no,none,0.0
P00794,C1028,716.04,Card,failed,technical_timeout,5,0,81,no,yes,retry,716.04
P00795,C1206,1602.04,Card,success,none,0,7,22,no,no,none,0.0
P00796,C1223,544.29,Card,success,none,0,9,171,no,no,none,0.0
P00797,C1128,942.91,UPI,success,none,0,7,164,no,no,none,0.0
P00798,C1052,1881.52,Card,success,none,0,2,96,no,no,none,0.0
P00799,C1083,448.21,UPI,failed,insufficient_funds,5,4,122,no,no,escalate,0.0
P00800,C1250,2059.78,UPI,success,none,0,8,123,no,no,none,0.0
P00801,C1111,1458.66,UPI,failed,technical_timeout,5,5,52,yes,no,escalate,0.0
P00802,C1144,2240.31,UPI,success,none,0,5,164,no,no,none,0.0
P00803,C1117,1750.99,Card,failed,bank_decline,1,6,156,no,no,stop,0.0
P00804,C1069,4117.93,UPI,success,none,0,2,78,no,no,none,0.0
P00805,C1099,1626.07,Card,failed,insufficient_funds,4,4,164,no,no,escalate,0.0
P00806,C1140,1072.71,UPI,failed,technical_timeout,2,7,70,no,no,stop,0.0
P00807,C1025,1622.5,UPI,failed,network_error,2,3,137,no,yes,payment_link,1622.5
P00808,C1180,2224.91,UPI,failed,bank_decline,2,6,21,yes,no,stop,0.0
P00809,C1123,1535.55,UPI,success,none,0,2,64,no,no,none,0.0
P00810,C1213,1526.06,UPI,failed,network_error,2,8,76,no,yes,retry,1526.06
P00811,C1228,874.37,Card,success,none,0,10,61,no,no,none,0.0
P00812,C1053,900.39,UPI,success,none,0,5,95,no,no,none,0.0
P00813,C1151,517.0,Netbanking,success,none,0,4,40,no,no,none,0.0
P00814,C1144,5498.24,UPI,failed,technical_timeout,5,4,4,yes,yes,reminder,5498.24
P00815,C1057,582.37,UPI,failed,technical_timeout,2,8,31,no,yes,payment_link,582.37
P00816,C1039,880.35,Card,success,none,0,9,155,no,no,none,0.0
P00817,C1109,863.67,UPI,failed,insufficient_funds,4,7,153,yes,yes,retry,863.67
P00818,C1181,2896.31,UPI,failed,bank_decline,5,7,69,no,no,escalate,0.0
P00819,C1042,1186.53,UPI,success,none,0,3,70,no,no,none,0.0
P00820,C1186,3773.68,UPI,success,none,0,8,5,no,no,none,0.0
P00821,C1167,893.26,Netbanking,success,none,0,7,115,no,no,none,0.0
P00822,C1142,1824.84,UPI,failed,bank_decline,2,2,91,no,yes,retry,1824.84
P00823,C1223,791.15,Card,success,none,0,5,8,no,no,none,0.0
P00824,C1122,7397.24,Netbanking,failed,technical_timeout,1,7,9,no,yes,reminder,7397.24
P00825,C1133,607.47,UPI,failed,insufficient_funds,3,6,15,no,yes,payment_link,607.47
P00826,C1163,1867.52,Netbanking,success,none,0,1,105,no,no,none,0.0
P00827,C1215,2381.14,UPI,failed,network_error,3,3,7,no,yes,payment_link,2381.14
P00828,C1221,2018.98,Wallet,failed,insufficient_funds,3,4,72,no,no,stop,0.0
P00829,C1235,1288.24,UPI,failed,bank_decline,5,4,115,no,no,escalate,0.0
P00830,C1075,1342.96,Card,success,none,0,3,15,no,no,none,0.0
P00831,C1146,1529.75,UPI,success,none,0,7,165,no,no,none,0.0
P00832,C1239,1325.77,UPI,success,none,0,9,83,no,no,none,0.0
P00833,C1076,3050.04,Card,success,none,0,4,39,no,no,none,0.0
P00834,C1009,7768.97,Card,failed,authentication_failed,2,3,134,no,yes,retry,7768.97
P00835,C1074,974.46,UPI,success,none,0,4,57,no,no,none,0.0
P00836,C1186,529.88,UPI,failed,insufficient_funds,5,4,92,no,no,escalate,0.0
P00837,C1236,1385.46,Card,failed,insufficient_funds,4,6,81,yes,yes,retry,1385.46
P00838,C1145,10247.43,Card,success,none,0,3,147,no,no,none,0.0
P00839,C1230,810.17,Wallet,success,none,0,10,127,no,no,none,0.0
P00840,C1007,5061.09,Card,failed,technical_timeout,1,5,159,no,yes,retry,5061.09
P00841,C1174,5209.69,Wallet,failed,network_error,1,5,75,yes,yes,payment_link,5209.69
P00842,C1141,977.31,Card,failed,authentication_failed,3,3,79,no,no,stop,0.0
P00843,C1168,2268.19,UPI,failed,technical_timeout,3,2,10,no,yes,retry,2268.19
P00844,C1170,5020.56,UPI,success,none,0,7,107,no,no,none,0.0
P00845,C1137,1113.94,Card,success,none,0,5,87,no,no,none,0.0
P00846,C1178,1270.69,Card,success,none,0,4,67,no,no,none,0.0
P00847,C1027,956.94,UPI,success,none,0,6,62,no,no,none,0.0
P00848,C1122,691.55,UPI,failed,technical_timeout,3,5,131,no,no,stop,0.0
P00849,C1194,909.63,Wallet,success,none,0,4,146,no,no,none,0.0
P00850,C1005,591.14,UPI,success,none,0,7,153,no,no,none,0.0
P00851,C1029,1518.63,UPI,success,none,0,4,107,no,no,none,0.0
P00852,C1165,830.91,UPI,success,none,0,2,148,no,no,none,0.0
P00853,C1166,1764.0,UPI,success,none,0,3,93,no,no,none,0.0
P00854,C1083,460.85,UPI,success,none,0,8,86,no,no,none,0.0
P00855,C1136,1897.25,UPI,success,none,0,5,178,no,no,none,0.0
P00856,C1240,2765.97,UPI,failed,network_error,2,6,121,no,yes,payment_link,2765.97
P00857,C1109,331.86,Card,failed,insufficient_funds,4,2,79,no,yes,payment_link,331.86
P00858,C1065,1959.69,UPI,failed,bank_decline,4,3,10,yes,yes,payment_link,1959.69
P00859,C1086,3717.3,Netbanking,failed,bank_decline,4,3,149,no,no,escalate,0.0
P00860,C1244,597.51,Netbanking,success,none,0,7,29,no,no,none,0.0
P00861,C1145,5189.69,UPI,success,none,0,5,96,no,no,none,0.0
P00862,C1071,2026.9,Card,success,none,0,2,10,no,no,none,0.0
P00863,C1217,872.39,UPI,success,none,0,2,13,no,no,none,0.0
P00864,C1045,1419.66,Netbanking,success,none,0,7,47,no,no,none,0.0
P00865,C1132,2250.13,UPI,failed,bank_decline,4,8,151,yes,no,escalate,0.0
P00866,C1036,1567.13,Card,failed,technical_timeout,3,4,50,no,yes,retry,1567.13
P00867,C1070,2217.35,Card,success,none,0,4,132,no,no,none,0.0
P00868,C1159,742.11,UPI,success,none,0,4,116,no,no,none,0.0
P00869,C1019,1680.79,UPI,success,none,0,3,113,no,no,none,0.0
P00870,C1189,512.71,Card,failed,technical_timeout,1,4,85,yes,no,stop,0.0
P00871,C1108,1361.82,Card,failed,technical_timeout,3,6,53,no,yes,payment_link,1361.82
P00872,C1182,751.5,UPI,success,none,0,5,130,no,no,none,0.0
P00873,C1167,852.65,Card,failed,bank_decline,4,5,68,no,no,escalate,0.0
P00874,C1091,3740.86,UPI,failed,authentication_failed,3,3,79,yes,no,stop,0.0
P00875,C1202,3355.92,Card,success,none,0,6,57,no,no,none,0.0
P00876,C1090,2337.54,UPI,failed,insufficient_funds,4,4,97,no,no,escalate,0.0
P00877,C1019,652.47,Netbanking,success,none,0,2,135,no,no,none,0.0
P00878,C1039,1167.59,UPI,failed,technical_timeout,5,5,147,yes,no,escalate,0.0
P00879,C1126,3676.89,UPI,failed,technical_timeout,1,7,172,no,no,stop,0.0
P00880,C1195,1646.3,UPI,failed,insufficient_funds,5,8,63,no,yes,payment_link,1646.3
P00881,C1173,8429.54,UPI,success,none,0,0,65,no,no,none,0.0
P00882,C1141,1988.21,UPI,success,none,0,5,39,no,no,none,0.0
P00883,C1242,1709.64,UPI,success,none,0,4,109,no,no,none,0.0
P00884,C1220,1173.99,Netbanking,failed,bank_decline,2,6,26,yes,yes,retry,1173.99
P00885,C1126,1636.24,UPI,success,none,0,4,172,no,no,none,0.0
P00886,C1058,1320.34,UPI,failed,bank_decline,3,7,12,yes,yes,retry,1320.34
P00887,C1148,2517.65,UPI,success,none,0,2,150,no,no,none,0.0
P00888,C1220,3033.66,UPI,success,none,0,3,77,no,no,none,0.0
P00889,C1200,820.99,UPI,success,none,0,3,142,no,no,none,0.0
P00890,C1061,545.43,UPI,success,none,0,5,86,no,no,none,0.0
P00891,C1127,373.47,UPI,failed,authentication_failed,2,6,30,no,yes,retry,373.47
P00892,C1105,2166.77,UPI,failed,network_error,3,9,172,yes,yes,retry,2166.77
P00893,C1167,647.08,Card,success,none,0,6,166,no,no,none,0.0
P00894,C1001,294.52,Card,success,none,0,7,170,no,no,none,0.0
P00895,C1131,1981.15,UPI,success,none,0,2,52,no,no,none,0.0
P00896,C1205,9602.22,UPI,failed,technical_timeout,5,2,63,no,no,escalate,0.0
P00897,C1092,1473.58,Wallet,failed,bank_decline,4,8,120,yes,no,escalate,0.0
P00898,C1190,2776.28,UPI,failed,insufficient_funds,4,8,105,yes,no,escalate,0.0
P00899,C1249,1573.99,Card,success,none,0,8,162,no,no,none,0.0
P00900,C1191,1374.48,UPI,success,none,0,7,39,no,no,none,0.0
P00901,C1113,2949.25,Card,success,none,0,6,41,no,no,none,0.0
P00902,C1153,1190.7,Card,failed,authentication_failed,3,2,121,no,no,stop,0.0
P00903,C1056,1809.03,Card,success,none,0,7,108,no,no,none,0.0
P00904,C1161,1884.23,Wallet,success,none,0,6,165,no,no,none,0.0
P00905,C1166,896.89,UPI,failed,authentication_failed,4,5,65,yes,yes,reminder,896.89
P00906,C1117,3115.15,UPI,success,none,0,6,118,no,no,none,0.0
P00907,C1134,1298.26,Card,success,none,0,4,79,no,no,none,0.0
P00908,C1058,839.82,Card,success,none,0,4,160,no,no,none,0.0
P00909,C1044,2213.62,UPI,success,none,0,4,8,no,no,none,0.0
P00910,C1173,754.57,UPI,failed,bank_decline,5,5,97,no,no,escalate,0.0
P00911,C1160,1511.92,UPI,failed,bank_decline,4,4,18,yes,yes,retry,1511.92
P00912,C1173,1470.21,UPI,success,none,0,7,173,no,no,none,0.0
P00913,C1061,3342.32,Card,failed,authentication_failed,5,2,96,yes,no,escalate,0.0
P00914,C1047,2113.34,UPI,success,none,0,4,33,no,no,none,0.0
P00915,C1149,1452.77,UPI,success,none,0,1,5,no,no,none,0.0
P00916,C1080,2733.46,UPI,success,none,0,6,127,no,no,none,0.0
P00917,C1118,4199.23,UPI,success,none,0,1,74,no,no,none,0.0
P00918,C1213,2249.26,UPI,failed,insufficient_funds,2,6,126,no,yes,payment_link,2249.26
P00919,C1203,1491.84,Card,failed,bank_decline,5,6,164,no,no,escalate,0.0
P00920,C1229,553.42,Wallet,failed,bank_decline,1,0,151,no,no,stop,0.0
P00921,C1164,665.92,Netbanking,success,none,0,6,168,no,no,none,0.0
P00922,C1227,1177.42,UPI,failed,technical_timeout,1,1,5,yes,yes,retry,1177.42
P00923,C1147,937.17,Netbanking,failed,network_error,1,4,34,no,no,stop,0.0
P00924,C1020,1286.62,Card,success,none,0,6,24,no,no,none,0.0
P00925,C1185,1544.55,Card,success,none,0,7,145,no,no,none,0.0
P00926,C1146,2202.33,UPI,failed,network_error,3,6,95,no,yes,retry,2202.33
P00927,C1047,1404.06,UPI,failed,technical_timeout,3,3,71,yes,no,stop,0.0
P00928,C1233,2132.13,UPI,success,none,0,7,92,no,no,none,0.0
P00929,C1049,1553.64,UPI,failed,insufficient_funds,3,6,125,no,yes,payment_link,1553.64
P00930,C1014,336.43,UPI,failed,bank_decline,5,5,22,no,yes,reminder,336.43
P00931,C1143,731.79,UPI,failed,technical_timeout,3,7,15,no,yes,retry,731.79
P00932,C1159,1328.67,UPI,success,none,0,4,101,no,no,none,0.0
P00933,C1001,597.48,Card,failed,insufficient_funds,2,7,15,no,no,stop,0.0
P00934,C1117,2321.45,UPI,success,none,0,1,153,no,no,none,0.0
P00935,C1054,4666.03,UPI,success,none,0,2,53,no,no,none,0.0
P00936,C1118,3692.55,Wallet,success,none,0,2,149,no,no,none,0.0
P00937,C1003,1261.32,Netbanking,failed,technical_timeout,1,6,102,no,no,stop,0.0
P00938,C1144,4528.04,Card,success,none,0,8,113,no,no,none,0.0
P00939,C1215,1654.91,Wallet,success,none,0,6,32,no,no,none,0.0
P00940,C1185,1149.62,Card,success,none,0,0,21,no,no,none,0.0
P00941,C1203,934.44,Wallet,success,none,0,10,172,no,no,none,0.0
P00942,C1012,1179.86,UPI,success,none,0,2,83,no,no,none,0.0
P00943,C1074,1106.4,UPI,success,none,0,5,14,no,no,none,0.0
P00944,C1224,1682.12,UPI,success,none,0,8,15,no,no,none,0.0
P00945,C1016,1669.75,UPI,success,none,0,5,148,no,no,none,0.0
P00946,C1200,1483.69,UPI,failed,insufficient_funds,5,4,34,yes,yes,retry,1483.69
P00947,C1102,2054.33,Card,failed,bank_decline,1,3,164,no,yes,reminder,2054.33
P00948,C1204,3615.5,Card,failed,bank_decline,3,7,83,yes,no,stop,0.0
P00949,C1152,3017.44,Card,success,none,0,7,9,no,no,none,0.0
P00950,C1156,486.06,UPI,success,none,0,3,158,no,no,none,0.0
P00951,C1117,218.01,Card,success,none,0,3,77,no,no,none,0.0
P00952,C1008,2983.16,Card,success,none,0,2,163,no,no,none,0.0
P00953,C1122,531.04,UPI,success,none,0,2,141,no,no,none,0.0
P00954,C1092,1250.66,Card,success,none,0,7,174,no,no,none,0.0
P00955,C1164,615.49,UPI,failed,insufficient_funds,5,4,9,no,no,escalate,0.0
P00956,C1090,383.18,UPI,success,none,0,1,36,no,no,none,0.0
P00957,C1136,2221.85,Netbanking,failed,bank_decline,4,3,117,no,no,escalate,0.0
P00958,C1186,2615.91,UPI,failed,bank_decline,2,10,3,no,yes,retry,2615.91
P00959,C1060,960.66,UPI,failed,network_error,3,3,19,no,yes,reminder,960.66
P00960,C1178,212.03,Netbanking,failed,insufficient_funds,3,6,156,yes,no,stop,0.0
P00961,C1028,982.71,Card,success,none,0,4,23,no,no,none,0.0
P00962,C1220,1985.95,UPI,success,none,0,5,104,no,no,none,0.0
P00963,C1101,488.24,UPI,failed,technical_timeout,2,3,135,no,no,stop,0.0
P00964,C1041,1698.53,UPI,success,none,0,7,105,no,no,none,0.0
P00965,C1228,1463.4,Card,success,none,0,5,142,no,no,none,0.0
P00966,C1192,2285.79,UPI,failed,network_error,2,2,46,no,yes,reminder,2285.79
P00967,C1155,1619.2,UPI,success,none,0,6,143,no,no,none,0.0
P00968,C1246,713.51,Wallet,failed,network_error,4,3,15,no,no,escalate,0.0
P00969,C1191,3631.6,Card,success,none,0,2,51,no,no,none,0.0
P00970,C1145,1314.36,UPI,success,none,0,7,110,no,no,none,0.0
P00971,C1201,1450.29,UPI,failed,technical_timeout,3,6,8,no,yes,retry,1450.29
P00972,C1161,735.13,Card,failed,authentication_failed,3,3,69,yes,no,stop,0.0
P00973,C1245,1061.61,UPI,success,none,0,5,179,no,no,none,0.0
P00974,C1212,762.34,UPI,success,none,0,7,63,no,no,none,0.0
P00975,C1205,1300.22,Card,failed,insufficient_funds,1,4,68,no,no,stop,0.0
P00976,C1220,5344.28,UPI,success,none,0,4,144,no,no,none,0.0
P00977,C1240,529.05,Card,success,none,0,3,152,no,no,none,0.0
P00978,C1157,441.35,UPI,success,none,0,6,6,no,no,none,0.0
P00979,C1141,4462.11,UPI,success,none,0,4,119,no,no,none,0.0
P00980,C1046,1265.23,UPI,success,none,0,5,57,no,no,none,0.0
P00981,C1035,896.23,UPI,success,none,0,7,31,no,no,none,0.0
P00982,C1134,3229.0,UPI,success,none,0,4,6,no,no,none,0.0
P00983,C1082,939.91,UPI,success,none,0,3,157,no,no,none,0.0
P00984,C1115,5822.63,Netbanking,failed,insufficient_funds,5,1,67,yes,no,escalate,0.0
P00985,C1197,2461.3,Wallet,failed,insufficient_funds,5,5,131,no,no,escalate,0.0
P00986,C1047,1026.66,Card,success,none,0,8,156,no,no,none,0.0
P00987,C1153,7465.0,Netbanking,success,none,0,5,74,no,no,none,0.0
P00988,C1194,939.84,UPI,failed,technical_timeout,1,5,114,yes,yes,retry,939.84
P00989,C1010,2582.65,Wallet,success,none,0,3,97,no,no,none,0.0
P00990,C1056,1852.83,UPI,success,none,0,3,176,no,no,none,0.0
P00991,C1030,3929.65,Wallet,failed,technical_timeout,5,6,80,no,no,escalate,0.0
P00992,C1242,4774.92,Wallet,success,none,0,5,123,no,no,none,0.0
P00993,C1109,1516.26,Card,failed,insufficient_funds,2,7,138,no,yes,payment_link,1516.26
P00994,C1005,841.29,Wallet,failed,bank_decline,5,6,33,yes,yes,reminder,841.29
P00995,C1119,2090.12,Card,success,none,0,8,140,no,no,none,0.0
P00996,C1248,890.44,UPI,success,none,0,8,44,no,no,none,0.0
P00997,C1033,6701.19,UPI,failed,technical_timeout,5,8,13,no,yes,payment_link,6701.19
P00998,C1118,1639.92,Card,success,none,0,9,152,no,no,none,0.0
P00999,C1065,1125.53,UPI,success,none,0,5,172,no,no,none,0.0
P01000,C1146,1700.22,Card,failed,bank_decline,1,3,57,no,no,stop,0.0
